feature,importance
cycle,0.3197327178219355
sensor_11,0.050128995645223696
sensor_9,0.02831116538874708
sensor_4,0.02300477652696094
sensor_12,0.017417842032484938
sensor_7,0.012772563199641188
sensor_14,0.01182232281138936
sensor_13,0.007455162658223917
sensor_15,0.006751121597294
sensor_2,0.006569773485589921
sensor_20,0.004595739671268288
sensor_21,0.003906818300801603
sensor_8,0.0034811504818192582
sensor_17,0.0024649014025778606
sensor_3,0.00041915918755515885
setting_1,0.00034023546097986895
setting_2,2.918727727944474e-05
sensor_5,0.0
sensor_1,0.0
setting_3,0.0
sensor_6,0.0
sensor_10,0.0
sensor_16,0.0
sensor_19,0.0
sensor_18,0.0
