feature,mean,std,min,max
cycle,105.54814723014005,65.91529503425078,1.0,362.0
setting_1,9.988846201511955e-06,0.002188187764709161,-0.0086,0.0087
setting_2,6.19655471557823e-08,0.00029390958309261957,-0.0006,0.0006
setting_3,100.0,0.0,100.0,100.0
sensor_1,518.67,0.0,518.67,518.67
sensor_2,642.6867728343042,0.5007111215732926,641.21,644.53
sensor_3,1590.5820962944604,6.129959696931011,1571.04,1614.93
sensor_4,1409.0337290866278,8.977073008265114,1382.25,1441.49
sensor_5,14.620000000000003,3.552823756839809e-15,14.62,14.62
sensor_6,21.60979489403892,0.0014174327679058886,21.6,21.61
sensor_7,553.3597756847194,0.8879472567620603,549.85,556.06
sensor_8,2388.0973677035568,0.07160782421464519,2387.9,2388.56
sensor_9,9065.461290742347,22.78136161310395,9021.73,9244.59
sensor_10,1.3,0.0,1.3,1.3
sensor_11,47.54426322964432,0.26742181257568276,46.86,48.53
sensor_12,521.4054195067542,0.7382522504685545,518.69,523.38
sensor_13,2388.096736894287,0.07260371752735269,2387.88,2388.56
sensor_14,8143.933458297186,19.73134864803499,8099.94,8293.72
sensor_15,8.442580561407857,0.03751962161429727,8.3249,8.5848
sensor_16,0.030000000000000013,1.3878217800155504e-17,0.03,0.03
sensor_17,393.22710373032595,1.5490306221631154,388.0,399.0
sensor_18,2388.0,0.0,2388.0,2388.0
sensor_19,100.0,0.0,100.0,100.0
sensor_20,38.81427562275375,0.181042847107225,38.16,39.43
sensor_21,23.288551648283555,0.1086055114040748,22.9071,23.6127
